{
  "script": "02_observed_test_statistic.py",
  "run_timestamp_utc": "2026-05-17T18:28:41.275656+00:00",
  "preregistration_doi": "10.5281/zenodo.20258204",
  "file_hash_sha256": "426dd95f4f1d62dbb2ea6b7be0bd2d1499834fb8b2c923ca59299384fd4ddb7c",
  "target_lon_deg": -47.1,
  "inclusion_criterion": "data owner's 'Intersection Latitude at Lon 47.1W Line' column is numeric (parsed with comma-decimal fix)",
  "n_total": 1159,
  "n_in_range": 994,
  "n_out_of_range": 165,
  "expected_n_in_range": 993,
  "in_range_count_matches_prereg": false,
  "n_nan_intersection_in_range": 0,
  "poles_primary": {
    "I (current)": 90.0,
    "II": 76.0,
    "III": 72.2,
    "IV": 64.1,
    "V": 52.3
  },
  "poles_with_vi": {
    "I (current)": 90.0,
    "II": 76.0,
    "III": 72.2,
    "IV": 64.1,
    "V": 52.3,
    "VI": 42.0
  },
  "T_obs_5pole": 4.648886006364627,
  "T_obs_6pole": 3.609898121316729,
  "d_min_5pole_summary": {
    "min": 0.0,
    "p25": 0.7210948899699403,
    "median": 1.8052219322253222,
    "p75": 4.11843935029793,
    "max": 141.44316808493255,
    "mean": 4.648886006364627,
    "std": 13.422791167288487
  },
  "nearest_pole_counts_5pole": {
    "I (current)": 156,
    "II": 211,
    "III": 167,
    "IV": 191,
    "V": 269
  },
  "nearest_pole_counts_6pole": {
    "I (current)": 156,
    "II": 211,
    "III": 167,
    "IV": 191,
    "V": 158,
    "VI": 111
  }
}