{
  "script": "05_per_pole_and_assignment.py",
  "run_timestamp_utc": "2026-05-18T05:53:11.686204+00:00",
  "preregistration_doi": "10.5281/zenodo.20258204",
  "file_hash_sha256": "426dd95f4f1d62dbb2ea6b7be0bd2d1499834fb8b2c923ca59299384fd4ddb7c",
  "random_seed": 20260517,
  "M_iterations": 10000,
  "alpha": 0.05,
  "tolerance_deg": 1.5,
  "n_in_range": 994,
  "5-pole": {
    "poles": {
      "I (current)": 90.0,
      "II": 76.0,
      "III": 72.2,
      "IV": 64.1,
      "V": 52.3
    },
    "marios_assignment_counts": {
      "I (current)": 163,
      "II": 208,
      "III": 170,
      "IV": 191,
      "V": 262
    },
    "observed_per_pole_counts": {
      "I (current)": 95,
      "II": 115,
      "III": 119,
      "IV": 70,
      "V": 57
    },
    "uncond": {
      "per_pole_null_mean": {
        "I (current)": 84.354,
        "II": 43.745,
        "III": 42.8839,
        "IV": 32.4699,
        "V": 20.9391
      },
      "per_pole_p_raw": {
        "I (current)": 0.0005999400059994001,
        "II": 9.999000099990002e-05,
        "III": 9.999000099990002e-05,
        "IV": 9.999000099990002e-05,
        "V": 9.999000099990002e-05
      },
      "per_pole_p_sidak": {
        "I (current)": 0.002996102908593423,
        "II": 0.0004998500349930879,
        "III": 0.0004998500349930879,
        "IV": 0.0004998500349930879,
        "V": 0.0004998500349930879
      },
      "assignment_obs": 454,
      "assignment_null_mean": 45.5322,
      "assignment_p": 9.999000099990002e-05
    },
    "cond": {
      "per_pole_null_mean": {
        "I (current)": 102.7715,
        "II": 85.9162,
        "III": 83.7749,
        "IV": 63.7289,
        "V": 42.2156
      },
      "per_pole_p_raw": {
        "I (current)": 1.0,
        "II": 9.999000099990002e-05,
        "III": 9.999000099990002e-05,
        "IV": 0.19668033196680332,
        "V": 0.008999100089991
      },
      "per_pole_p_sidak": {
        "I (current)": 1.0,
        "II": 0.0004998500349930879,
        "III": 0.0004998500349930879,
        "IV": 0.6654646618453679,
        "V": 0.044192917506234
      },
      "assignment_p": 9.999000099990002e-05,
      "chain_acceptance_rate": 0.5005986430957653
    }
  },
  "6-pole": {
    "poles": {
      "I (current)": 90.0,
      "II": 76.0,
      "III": 72.2,
      "IV": 64.1,
      "V": 52.3,
      "VI": 42.0
    },
    "marios_assignment_counts": {
      "I (current)": 163,
      "II": 208,
      "III": 170,
      "IV": 191,
      "V": 158,
      "VI": 104
    },
    "observed_per_pole_counts": {
      "I (current)": 95,
      "II": 115,
      "III": 119,
      "IV": 70,
      "V": 57,
      "VI": 17
    },
    "uncond": {
      "per_pole_null_mean": {
        "I (current)": 84.354,
        "II": 43.745,
        "III": 42.8839,
        "IV": 32.4699,
        "V": 20.9391,
        "VI": 6.6672
      },
      "per_pole_p_raw": {
        "I (current)": 0.0005999400059994001,
        "II": 9.999000099990002e-05,
        "III": 9.999000099990002e-05,
        "IV": 9.999000099990002e-05,
        "V": 9.999000099990002e-05,
        "VI": 9.999000099990002e-05
      },
      "per_pole_p_sidak": {
        "I (current)": 0.0035942454325958995,
        "II": 0.0005997900559875369,
        "III": 0.0005997900559875369,
        "IV": 0.0005997900559875369,
        "V": 0.0005997900559875369,
        "VI": 0.0005997900559875369
      },
      "assignment_obs": 471,
      "assignment_null_mean": 45.2102,
      "assignment_p": 9.999000099990002e-05
    },
    "cond": {
      "per_pole_null_mean": {
        "I (current)": 102.7715,
        "II": 85.9162,
        "III": 83.7749,
        "IV": 63.7289,
        "V": 42.2156,
        "VI": 13.2546
      },
      "per_pole_p_raw": {
        "I (current)": 1.0,
        "II": 9.999000099990002e-05,
        "III": 9.999000099990002e-05,
        "IV": 0.19668033196680332,
        "V": 0.008999100089991,
        "VI": 0.1710828917108289
      },
      "per_pole_p_sidak": {
        "I (current)": 1.0,
        "II": 0.0005997900559875369,
        "III": 0.0005997900559875369,
        "IV": 0.7312611832082478,
        "V": 0.05279432110831772,
        "VI": 0.6756106259833659
      },
      "assignment_p": 9.999000099990002e-05,
      "chain_acceptance_rate": 0.5005986430957653
    }
  }
}